Keyword,URL
Touring Jacket,https://revzilla.com/motorcycle/touring-jackets
Saddlebags,https://amzn.to/motorcycle-saddlebags
GPS Mount,https://revzilla.com/motorcycle/gps-mounts
Rain Gear,https://amzn.to/motorcycle-rain-gear
Motorcycle Helmet,https://revzilla.com/motorcycle/helmets
Riding Boots,https://amzn.to/motorcycle-boots
Motorcycle Gloves,https://revzilla.com/motorcycle/gloves
Bluetooth Headset,https://amzn.to/motorcycle-bluetooth-headset
Heated Grips,https://amzn.to/motorcycle-heated-grips
Tire Repair Kit,https://amzn.to/motorcycle-tire-repair-kit
